phase,shard,slice,num_samples,acc,f1,train_loss,wall_clock,gpu_mem_gb
baseline,0,0,750,0.3414,0.3155425827693818,1.5793514674504598,16.419392585754395,0.021714210510253906
baseline,0,1,750,0.4162,0.39528563625010704,1.2804293985366821,14.310189247131348,0.021714210510253906
baseline,0,2,750,0.4676,0.4501090310955623,1.1771205418904622,14.314599990844727,0.021714210510253906
baseline,1,0,750,0.3582,0.32369631227771384,1.538247687657674,14.4289071559906,0.021714210510253906
baseline,1,1,750,0.432,0.41323555966480935,1.2646240202585857,14.397992134094238,0.021714210510253906
baseline,1,2,750,0.4862,0.46606737670719567,1.1893429374694824,14.82206106185913,0.021714210510253906
baseline,2,0,750,0.358,0.33230950320085967,1.5331339763005574,14.40372371673584,0.021714210510253906
baseline,2,1,750,0.4526,0.4351107567856589,1.2578521744410196,14.406753063201904,0.021714210510253906
baseline,2,2,750,0.491,0.4732303254206761,1.0867201086680094,14.484731912612915,0.021714210510253906
baseline,3,0,750,0.376,0.3494115556765289,1.5182007621129354,14.404734373092651,0.021714210510253906
baseline,3,1,750,0.4478,0.42523947444021004,1.2455577646891276,14.405384063720703,0.021714210510253906
baseline,3,2,750,0.4768,0.4603003835585231,1.1574051774342855,14.402553081512451,0.021714210510253906
baseline,4,0,750,0.356,0.3428024716411605,1.568405886967977,14.743268251419067,0.021714210510253906
baseline,4,1,750,0.425,0.4072487431122822,1.2694712947209676,14.431472063064575,0.021714210510253906
baseline,4,2,750,0.4578,0.4417397808724872,1.1517845671971638,14.464887380599976,0.021714210510253906
baseline,5,0,750,0.3732,0.34273189696196493,1.5614785013198853,14.431586742401123,0.021714210510253906
baseline,5,1,750,0.41,0.3785642555534183,1.221504837989807,14.473202228546143,0.021714210510253906
baseline,5,2,750,0.4624,0.4451052566116534,1.1669117148717245,14.42433214187622,0.021714210510253906
baseline,6,0,750,0.3456,0.321691287853941,1.5737849458058675,14.429050922393799,0.021714210510253906
baseline,6,1,750,0.404,0.3785781434617182,1.2885746800104776,14.469852924346924,0.021714210510253906
baseline,6,2,750,0.478,0.45741978590951377,1.1689086532592774,14.47477412223816,0.021714210510253906
baseline,7,0,750,0.3564,0.33358700555097814,1.519689723332723,14.458391189575195,0.021714210510253906
baseline,7,1,750,0.4312,0.4060352815961807,1.3452176332473755,14.45022439956665,0.021714210510253906
baseline,7,2,750,0.496,0.47855464121164887,1.1241814521153768,14.415266990661621,0.021714210510253906
baseline,8,0,750,0.355,0.3033069206758028,1.5603205169041952,14.416255712509155,0.021714210510253906
baseline,8,1,750,0.4162,0.39560315281652975,1.3076030120849609,14.538922548294067,0.021714210510253906
baseline,8,2,750,0.4506,0.4300237624376917,1.1794212624231974,14.433250188827515,0.021714210510253906
baseline,9,0,750,0.3456,0.2911754956511655,1.5503375371297201,14.466197490692139,0.021714210510253906
baseline,9,1,750,0.4398,0.42100566195901085,1.3122800006866455,14.430737733840942,0.021714210510253906
baseline,9,2,750,0.4912,0.46983490978698,1.084258152325948,14.441088199615479,0.021714210510253906
baseline,10,0,750,0.364,0.35230101558581456,1.4688635473251344,14.441936731338501,0.021714210510253906
baseline,10,1,750,0.4398,0.42351059729684476,1.2529243714014688,14.427561044692993,0.021714210510253906
baseline,10,2,750,0.4956,0.48424996996482794,0.9983906523386638,14.81184458732605,0.021714210510253906
baseline,11,0,750,0.3446,0.30539510262210473,1.4995774723688762,14.479613780975342,0.021714210510253906
baseline,11,1,750,0.4258,0.40349692563459405,1.269893295288086,14.566294193267822,0.021714210510253906
baseline,11,2,750,0.4658,0.4460813049729625,1.0771646302541098,14.414700031280518,0.021714210510253906
baseline,12,0,750,0.3688,0.34075065659874676,1.5233548208872478,14.437682628631592,0.021714210510253906
baseline,12,1,750,0.4458,0.4272381223434295,1.3037969783147176,14.41169285774231,0.021714210510253906
baseline,12,2,750,0.486,0.47037409587255563,1.1110028193791708,14.44279670715332,0.021714210510253906
baseline,13,0,750,0.3656,0.34454138872240214,1.5237559423446656,14.815988540649414,0.021714210510253906
baseline,13,1,750,0.426,0.3864624246578415,1.2499884389241536,14.475107908248901,0.021714210510253906
baseline,13,2,750,0.5018,0.4861781654027117,1.1303286673227946,14.476431369781494,0.021714210510253906
baseline,14,0,750,0.3202,0.27702395086373655,1.5077113281885783,14.508166074752808,0.021714210510253906
baseline,14,1,750,0.4114,0.3994057641251207,1.3456967992782594,14.47069239616394,0.021714210510253906
baseline,14,2,750,0.4842,0.4639506905078476,1.1988757139841715,14.883781671524048,0.021714210510253906
baseline,15,0,750,0.3108,0.28463734353876996,1.5427016576131185,20.130234003067017,0.021714210510253906
baseline,15,1,750,0.3888,0.37581106184678714,1.3005611769358316,15.278545618057251,0.021714210510253906
baseline,15,2,750,0.4588,0.4384373200683687,1.1793159112930298,14.441118717193604,0.021714210510253906
baseline,16,0,750,0.3608,0.32058330711204874,1.5651802543004354,14.38193154335022,0.021714210510253906
baseline,16,1,750,0.4382,0.4198453320616665,1.225419773419698,14.469722986221313,0.021714210510253906
baseline,16,2,750,0.478,0.455961894326928,1.1731647208531697,14.482988595962524,0.021714210510253906
baseline,17,0,750,0.3574,0.3449826823423853,1.6085013198852538,14.46060562133789,0.021714210510253906
baseline,17,1,750,0.4266,0.4000089111552348,1.3879136695861816,14.659266710281372,0.021714210510253906
baseline,17,2,750,0.4694,0.43845597095914657,1.1677049121856689,14.431990385055542,0.021714210510253906
baseline,18,0,750,0.3368,0.3054351250257508,1.5094964679082234,14.399063110351562,0.021714210510253906
baseline,18,1,750,0.4222,0.4005210621949565,1.354131567955017,14.421903371810913,0.021714210510253906
baseline,18,2,750,0.4898,0.4669605705668165,1.1843812452952067,14.439952611923218,0.021714210510253906
baseline,19,0,750,0.3216,0.31295697190030247,1.4999396788279216,14.382112741470337,0.021714210510253906
baseline,19,1,750,0.4372,0.4219482035067765,1.1978223266601562,23.75079035758972,0.021714210510253906
baseline,19,2,750,0.4786,0.4617068245703579,1.107579960823059,16.479453563690186,0.021714210510253906
deletion,0,1,748,0.4224,0.3990522952641287,1.25201937604078,16.94926881790161,0.021691322326660156
deletion,0,2,749,0.4718,0.45457546763793116,1.1880535277250772,14.330687761306763,0.02170276641845703
deletion,1,0,749,0.3724,0.3405518682257488,1.5403287584218228,14.612636089324951,0.02170276641845703
deletion,1,1,750,0.4184,0.4034001879433139,1.2173136971791585,14.492451667785645,0.021714210510253906
deletion,1,2,750,0.4746,0.45778060570827755,1.136773663520813,14.521758556365967,0.021714210510253906
deletion,3,0,749,0.3644,0.3362784353165545,1.5084172431553635,14.47935962677002,0.02170276641845703
deletion,3,1,750,0.4266,0.3961958306974624,1.2021586796442667,14.494389772415161,0.021714210510253906
deletion,3,2,750,0.4568,0.44419329076334235,1.166363047281901,14.54645848274231,0.021714210510253906
deletion,4,1,749,0.4236,0.40769260526987794,1.272119207121183,14.507481813430786,0.02170276641845703
deletion,4,2,750,0.4716,0.454700116229003,1.1882297738393148,14.51173710823059,0.021714210510253906
deletion,8,0,749,0.3442,0.3086492095614396,1.5711094691692908,14.936816930770874,0.02170276641845703
deletion,8,1,750,0.4286,0.40957173596639307,1.2549867626825968,14.539045810699463,0.021714210510253906
deletion,8,2,750,0.467,0.44732788977388066,1.1227970212300618,14.540138721466064,0.021714210510253906
deletion,14,1,749,0.4326,0.422574927675276,1.336181420350425,14.539135217666626,0.02170276641845703
deletion,14,2,750,0.4756,0.45771716370679405,1.1870239340464275,14.539057970046997,0.021714210510253906
deletion,18,1,749,0.4244,0.40127224984370685,1.330967285286123,14.553261280059814,0.02170276641845703
deletion,18,2,750,0.487,0.46016950321094946,1.252064977645874,14.807568311691284,0.021714210510253906
deletion,0,0,739,0.349,0.3166669031773246,1.5348146681211314,16.733303546905518,0.021587848663330078
deletion,0,1,744,0.423,0.3933330252965001,1.2994380676618187,14.1924307346344,0.021645545959472656
deletion,0,2,740,0.4624,0.44017813112280174,1.1877074937562684,14.188892126083374,0.021599292755126953
deletion,1,0,741,0.3606,0.32700155060498765,1.5290773769139279,14.287050485610962,0.021610736846923828
deletion,1,1,741,0.4186,0.40298718702912134,1.2553116266544049,14.320977687835693,0.021610736846923828
deletion,1,2,742,0.4746,0.4492771820238808,1.1603860546636453,14.375833749771118,0.021622180938720703
deletion,2,0,745,0.3598,0.32522945054723584,1.5425282681548356,14.764003992080688,0.02165699005126953
deletion,2,1,742,0.445,0.4308113153999868,1.3174565901974784,14.338662385940552,0.021622180938720703
deletion,2,2,745,0.4976,0.4801816335642878,1.1673532959598822,14.437441349029541,0.02165699005126953
deletion,3,0,739,0.3534,0.32965358271349054,1.5188130988803703,14.308321714401245,0.021587848663330078
deletion,3,1,741,0.4278,0.4002059748551452,1.2199376120097563,14.380891799926758,0.021610736846923828
deletion,3,2,742,0.4676,0.4542205979864151,1.2029726155042006,14.340392351150513,0.021622180938720703
deletion,4,0,742,0.3698,0.34615637572134045,1.5120883739862159,14.35326886177063,0.021622180938720703
deletion,4,1,742,0.4324,0.4114899505683184,1.276887227904122,14.390495538711548,0.021622180938720703
deletion,4,2,746,0.4552,0.43815392123243957,1.087125579409561,14.426979541778564,0.021668434143066406
deletion,5,0,744,0.361,0.3356777997049295,1.557236740666051,14.323522329330444,0.021645545959472656
deletion,5,1,746,0.409,0.3782310089775932,1.2345523444321456,14.38197135925293,0.021668434143066406
deletion,5,2,746,0.4522,0.43563061472875925,1.2205557343787226,14.432573080062866,0.021668434143066406
deletion,6,0,745,0.3626,0.3490323750692128,1.5732249778389131,14.408889532089233,0.02165699005126953
deletion,6,1,744,0.4,0.3797325242123396,1.3131323796446606,14.51348066329956,0.021645545959472656
deletion,6,2,745,0.4744,0.44995239684548205,1.189991538476624,14.385274887084961,0.02165699005126953
deletion,7,0,745,0.3536,0.3395372238049922,1.5594794811018362,14.350801229476929,0.02165699005126953
deletion,7,1,743,0.4162,0.389354060124552,1.414219244010997,14.358453750610352,0.02163410186767578
deletion,7,2,744,0.4502,0.431506409124103,1.187276772273484,14.35746717453003,0.021645545959472656
deletion,8,0,742,0.3554,0.31703105881514837,1.528597904344132,14.361381769180298,0.021622180938720703
deletion,8,1,743,0.4244,0.4017536129297563,1.2661555978202563,14.408074140548706,0.02163410186767578
deletion,8,2,742,0.4774,0.45799197820253457,1.1741397429026683,15.230096578598022,0.021622180938720703
deletion,9,0,741,0.3472,0.3003569855605278,1.5634959160718518,14.38188362121582,0.021610736846923828
deletion,9,1,743,0.424,0.4044352514495625,1.3383794450182291,14.373681783676147,0.02163410186767578
deletion,9,2,740,0.482,0.46104131657336556,1.0855204620876828,14.36823320388794,0.021599292755126953
deletion,10,0,744,0.3546,0.3353128950949582,1.5306803218780025,14.474182844161987,0.021645545959472656
deletion,10,1,739,0.4378,0.42211931344424547,1.3255581137937202,14.497458219528198,0.021587848663330078
deletion,10,2,742,0.4924,0.48379915577316435,1.0355213189703434,14.47192931175232,0.021622180938720703
deletion,11,0,743,0.3568,0.3247727840006788,1.4998332144915656,14.858582496643066,0.02163410186767578
deletion,11,1,745,0.4362,0.4140313246500491,1.3009624742021497,14.449702262878418,0.02165699005126953
deletion,11,2,744,0.4706,0.4528950043932272,1.1119999167739705,14.455272436141968,0.021645545959472656
deletion,12,0,743,0.372,0.3557140182223754,1.4885314449487432,14.516326665878296,0.02163410186767578
deletion,12,1,743,0.4422,0.43018747842342764,1.2799658425563438,14.46714997291565,0.02163410186767578
deletion,12,2,747,0.4854,0.4692650640565791,1.129727596738731,14.478297472000122,0.02167987823486328
deletion,13,0,745,0.377,0.3522810134084692,1.4702488508800533,14.474579572677612,0.02165699005126953
deletion,13,1,745,0.449,0.4177047471559582,1.1916172107594125,14.451761960983276,0.02165699005126953
deletion,13,2,745,0.4812,0.4583307798727269,1.1269632166664072,14.434873580932617,0.02165699005126953
deletion,14,0,741,0.3264,0.2864484981359672,1.4990710473736288,14.800807476043701,0.021610736846923828
deletion,14,1,741,0.4142,0.3990279086038727,1.300222751421806,21.02561593055725,0.021610736846923828
deletion,14,2,737,0.4978,0.4754853535203674,1.165920204352815,15.059866666793823,0.021564960479736328
deletion,15,0,744,0.33,0.3056524705301923,1.5376821282089397,14.41338562965393,0.021645545959472656
deletion,15,1,742,0.4014,0.3896754720192505,1.2521470920094904,14.56559443473816,0.021622180938720703
deletion,15,2,739,0.4796,0.4676315436674818,1.0977967504880748,14.55811357498169,0.021587848663330078
deletion,16,0,743,0.3362,0.2906014154377403,1.5006499306510628,14.430667161941528,0.02163410186767578
deletion,16,1,742,0.4146,0.3949632251866576,1.234603766482474,14.443618774414062,0.021622180938720703
deletion,16,2,742,0.465,0.4388371525097632,1.2009172722335775,14.458613395690918,0.021622180938720703
deletion,17,0,737,0.3638,0.3371130520407707,1.6140927872146649,14.362897396087646,0.021564960479736328
deletion,17,1,741,0.4264,0.40396814409347787,1.3945898691169647,14.416920185089111,0.021610736846923828
deletion,17,2,739,0.4716,0.43884114168406885,1.1176651569438723,14.642245054244995,0.021587848663330078
deletion,18,0,743,0.3532,0.3210865352072521,1.4955550162660642,14.457153081893921,0.02163410186767578
deletion,18,1,742,0.4386,0.41720480112857355,1.2939523792652428,14.546256065368652,0.021622180938720703
deletion,18,2,745,0.47,0.43975723396722843,1.131785468287116,14.48448896408081,0.02165699005126953
deletion,19,0,746,0.3472,0.3433015647351117,1.482964296762809,14.533410549163818,0.021668434143066406
deletion,19,1,741,0.4236,0.40621566681275073,1.2745313555927251,14.49230170249939,0.021610736846923828
deletion,19,2,736,0.453,0.42834944951169074,1.1520545430805371,14.848604440689087,0.021553516387939453
deletion,0,0,702,0.3458,0.3244662291115446,1.5569165272590442,16.228249549865723,0.02116250991821289
deletion,0,1,710,0.4078,0.38035970253015394,1.306579555256266,13.564914464950562,0.021255016326904297
deletion,0,2,715,0.4616,0.43936994584665534,1.2050985791466453,13.662098407745361,0.021312236785888672
deletion,1,0,710,0.3496,0.3143858521103687,1.5885170046712311,13.83030080795288,0.021255016326904297
deletion,1,1,715,0.4,0.38143972436571777,1.2866421309384433,13.879111766815186,0.021312236785888672
deletion,1,2,715,0.4624,0.4411274523042775,1.186770478495351,14.135897397994995,0.021312236785888672
deletion,2,0,713,0.3428,0.31513389078025145,1.512085725013872,13.91316843032837,0.021289348602294922
deletion,2,1,716,0.4224,0.409941630446418,1.3290629093873434,13.9955415725708,0.021323680877685547
deletion,2,2,700,0.4644,0.44388145869287327,1.1433605425698417,13.829107761383057,0.02113962173461914
deletion,3,0,707,0.3474,0.3017417397871943,1.5157008587555298,13.959997415542603,0.021220684051513672
deletion,3,1,715,0.412,0.3819082536858392,1.2438432445059289,14.071238279342651,0.021312236785888672
deletion,3,2,711,0.4748,0.4590923570367301,1.1949105911617037,14.001569271087646,0.021266460418701172
deletion,4,0,711,0.3648,0.3416714913330472,1.5390258232752483,14.554673671722412,0.021266460418701172
deletion,4,1,704,0.417,0.3920371894924027,1.271407875147733,13.936750411987305,0.02118539810180664
deletion,4,2,707,0.4438,0.4255986895550449,1.164803081556965,13.983320474624634,0.021220684051513672
deletion,5,0,712,0.3702,0.3537100924833798,1.53752741385042,13.95173716545105,0.021277904510498047
deletion,5,1,718,0.404,0.37636040445336616,1.300021953237422,13.970345973968506,0.0213470458984375
deletion,5,2,705,0.4546,0.4341583048521758,1.1729148377763463,13.850930213928223,0.021197795867919922
deletion,6,0,699,0.3648,0.3360598479305738,1.5982615961366797,13.794299364089966,0.021128177642822266
deletion,6,1,710,0.4176,0.39460607074009335,1.3229121107450674,14.18259334564209,0.021255016326904297
deletion,6,2,715,0.4794,0.4568351637318255,1.210402571071278,14.041274309158325,0.021312236785888672
deletion,7,0,723,0.3402,0.3246265315970863,1.5313735056055366,14.065319776535034,0.021404266357421875
deletion,7,1,709,0.4216,0.3921730151450009,1.3693528114824605,13.931864023208618,0.021243572235107422
deletion,7,2,724,0.4666,0.45335716086686395,1.1669705454157202,14.101309061050415,0.02141571044921875
deletion,8,0,716,0.3436,0.30488780670482163,1.551489042170221,14.052254676818848,0.021323680877685547
deletion,8,1,704,0.4202,0.3994893285647949,1.2550295374610207,13.962791919708252,0.02118539810180664
deletion,8,2,714,0.4656,0.4440450467768741,1.1769187717544598,14.36743450164795,0.021300792694091797
deletion,9,0,711,0.3392,0.2827553843397237,1.528092845079768,14.083791732788086,0.021266460418701172
deletion,9,1,713,0.4372,0.42336770857411204,1.2842682330839095,14.08688235282898,0.021289348602294922
deletion,9,2,715,0.4962,0.4783860787848288,1.0536434101891685,14.101845979690552,0.021312236785888672
deletion,10,0,725,0.3514,0.33801641438339286,1.5072622001582179,14.185675382614136,0.021427154541015625
deletion,10,1,714,0.4376,0.4195047429427197,1.3220503336909104,14.075298070907593,0.021300792694091797
deletion,10,2,705,0.4914,0.47690407198748597,1.1031477933234357,14.000962495803833,0.021197795867919922
deletion,11,0,716,0.3454,0.3060931189907304,1.531737043870894,14.296217441558838,0.021323680877685547
deletion,11,1,704,0.4312,0.40972140407139296,1.2426566752520474,13.983518600463867,0.02118539810180664
deletion,11,2,719,0.4712,0.45368219541719773,1.0615819130553987,14.17751431465149,0.021358489990234375
deletion,12,0,714,0.3754,0.3354224781481391,1.5190208004970176,14.208243131637573,0.021300792694091797
deletion,12,1,711,0.4348,0.4143765930613618,1.2810033703990458,14.495079278945923,0.021266460418701172
deletion,12,2,711,0.4672,0.4508342267659676,1.1525797838903178,23.885828018188477,0.021266460418701172
deletion,13,0,721,0.3654,0.3444175076114824,1.4832089965783277,14.425360679626465,0.021381378173828125
deletion,13,1,700,0.42,0.38496143187611787,1.2100405645370484,13.997588157653809,0.02113962173461914
deletion,13,2,711,0.4866,0.4607206169839426,1.1348731065098243,14.071009635925293,0.021266460418701172
deletion,14,0,716,0.31,0.26379922451069693,1.5170683514472492,14.174554347991943,0.021323680877685547
deletion,14,1,717,0.4198,0.40193098642774416,1.2897110575578867,14.164422988891602,0.021335601806640625
deletion,14,2,712,0.4974,0.4756016097838841,1.1542855969975503,14.115983724594116,0.021277904510498047
deletion,15,0,703,0.341,0.31521958078007306,1.4967902729216205,14.041974067687988,0.021173954010009766
deletion,15,1,722,0.3868,0.3791959294093933,1.257556316925218,14.368584871292114,0.021392822265625
deletion,15,2,712,0.4736,0.454974199555219,1.0877327557360188,14.1137535572052,0.021277904510498047
deletion,16,0,719,0.343,0.30165588779083785,1.5676434882327148,14.226020336151123,0.021358489990234375
deletion,16,1,713,0.42,0.40177362469930966,1.2828038864015363,14.165174961090088,0.021289348602294922
deletion,16,2,707,0.4656,0.44101435605686046,1.1946772514003339,14.078423023223877,0.021220684051513672
deletion,17,0,718,0.3396,0.3188330266814356,1.5527093447018467,14.231031656265259,0.0213470458984375
deletion,17,1,710,0.4194,0.3963873270561438,1.363121174086987,14.20159649848938,0.021255016326904297
deletion,17,2,723,0.466,0.4391649306780141,1.113093033041367,14.288138151168823,0.021404266357421875
deletion,18,0,709,0.3424,0.31687795967615917,1.5140807791724695,14.167963981628418,0.021243572235107422
deletion,18,1,713,0.42,0.38920674683634143,1.301219161061719,14.181237936019897,0.021289348602294922
deletion,18,2,714,0.4762,0.446162593229329,1.2131208097901331,14.152971267700195,0.021300792694091797
deletion,19,0,717,0.3408,0.3254557754693976,1.5021796835017505,14.201618671417236,0.021335601806640625
deletion,19,1,722,0.4268,0.4123655345405072,1.241306141803139,14.254202127456665,0.021392822265625
deletion,19,2,713,0.475,0.4530691031973691,1.104149668280239,14.128894805908203,0.021289348602294922
baseline,0,0,743,0.3616,0.330226511707069,1.4933311647232899,16.690603494644165,0.02163410186767578
baseline,0,1,743,0.4506,0.42690169889888685,1.3080290729232624,14.093008756637573,0.02163410186767578
baseline,0,2,742,0.494,0.47435625870030634,1.1386966824210236,14.089529275894165,0.021622180938720703
baseline,1,0,743,0.3852,0.36600714883451957,1.4991646620017522,14.122241258621216,0.02163410186767578
baseline,1,1,743,0.4468,0.4086429826507227,1.2374672384313428,14.155316829681396,0.02163410186767578
baseline,1,2,742,0.4718,0.45235169604039255,1.1502754058478013,14.420280694961548,0.021622180938720703
baseline,2,0,743,0.3738,0.3545631731007872,1.5374191048007313,14.117486953735352,0.02163410186767578
baseline,2,1,743,0.4436,0.41471261101410156,1.2474350210474767,14.101442813873291,0.02163410186767578
baseline,2,2,742,0.4868,0.46146148675195736,1.0736175163415564,14.13719916343689,0.021622180938720703
baseline,3,0,743,0.3674,0.342504188041611,1.5359253085959166,14.171501636505127,0.02163410186767578
baseline,3,1,743,0.4244,0.39029368163760003,1.3482980432933946,14.183935403823853,0.02163410186767578
baseline,3,2,742,0.4718,0.4602656944190376,1.212173382869628,14.147607564926147,0.021622180938720703
baseline,4,0,743,0.3932,0.36834567822614106,1.4788026862638635,14.347914934158325,0.02163410186767578
baseline,4,1,743,0.458,0.43763411255211776,1.2239582840237933,14.161067247390747,0.02163410186767578
baseline,4,2,742,0.4812,0.4519721336792691,1.1327979172657763,14.14666485786438,0.021622180938720703
baseline,5,0,743,0.3756,0.3396966948291009,1.4530896001356286,14.146268129348755,0.02163410186767578
baseline,5,1,743,0.4132,0.3685268680793465,1.2668042176504635,14.193886995315552,0.02163410186767578
baseline,5,2,742,0.4746,0.45809950604617306,1.0784676807588645,14.155787229537964,0.021622180938720703
baseline,6,0,743,0.3816,0.3529620814172808,1.5477133312263849,14.164244651794434,0.02163410186767578
baseline,6,1,743,0.4398,0.42742082055704006,1.2746533139396965,14.569992780685425,0.02163410186767578
baseline,6,2,742,0.4788,0.4596951814701796,1.0693490444167926,14.238500356674194,0.021622180938720703
baseline,7,0,743,0.38,0.3299769718428131,1.5238974469827933,14.179076671600342,0.02163410186767578
baseline,7,1,743,0.4342,0.4054297705345521,1.2974202153178918,14.260444402694702,0.02163410186767578
baseline,7,2,742,0.481,0.45677318714914455,1.0937573887267202,14.234989404678345,0.021622180938720703
baseline,8,0,743,0.3546,0.3173012273049568,1.461401196540124,14.16085410118103,0.02163410186767578
baseline,8,1,743,0.4278,0.40608390606211553,1.2959308980451458,14.21479606628418,0.02163410186767578
baseline,8,2,742,0.478,0.4523619260777987,1.1114450294695133,14.550493240356445,0.021622180938720703
baseline,9,0,743,0.3364,0.2918303928703802,1.591840346440332,14.250491857528687,0.02163410186767578
baseline,9,1,743,0.4364,0.41140301131054213,1.2692812796717217,14.207355260848999,0.02163410186767578
baseline,9,2,742,0.4696,0.4431463682262477,1.2186804855608875,14.190003633499146,0.021622180938720703
baseline,10,0,743,0.3648,0.34565126400578206,1.5841837901607014,14.215935945510864,0.02163410186767578
baseline,10,1,742,0.4278,0.39591661774253073,1.2641124985610057,14.272796392440796,0.021622180938720703
baseline,10,2,742,0.469,0.45093990179235105,1.1747787750634864,14.228824853897095,0.021622180938720703
baseline,11,0,743,0.3502,0.3118685520508474,1.5314620818295999,14.23866605758667,0.02163410186767578
baseline,11,1,742,0.4476,0.41896721030965245,1.289132277920561,14.22979736328125,0.021622180938720703
baseline,11,2,742,0.488,0.46866902102862057,1.1653741951579997,14.335026979446411,0.021622180938720703
baseline,12,0,743,0.3424,0.3143170379747374,1.4893483624644428,14.237425804138184,0.02163410186767578
baseline,12,1,742,0.421,0.40543113695814315,1.2834552369027767,14.291821241378784,0.021622180938720703
baseline,12,2,742,0.4748,0.4635607572182951,1.0997954182869019,14.667999505996704,0.021622180938720703
baseline,13,0,743,0.3848,0.3570221764771326,1.472895977795525,14.3182532787323,0.02163410186767578
baseline,13,1,742,0.432,0.41651691282542286,1.265242805056816,14.199671268463135,0.021622180938720703
baseline,13,2,742,0.491,0.46116064716806476,1.1220074374720734,14.18159818649292,0.021622180938720703
baseline,14,0,743,0.3496,0.3253900849647477,1.4964381647302518,14.224242210388184,0.02163410186767578
baseline,14,1,742,0.4032,0.3666643868184845,1.4297358250682244,14.235208511352539,0.021622180938720703
baseline,14,2,742,0.4662,0.4308990751944095,1.2748092927058752,14.64719033241272,0.021622180938720703
baseline,15,0,743,0.367,0.33522931733919,1.466499098537748,16.52973747253418,0.02163410186767578
baseline,15,1,742,0.4154,0.3865391658378514,1.330982226567127,14.33981966972351,0.021622180938720703
baseline,15,2,742,0.4842,0.46370196250173273,1.18670654296875,14.106724739074707,0.021622180938720703
baseline,16,0,743,0.3792,0.3480721640016298,1.4204464775396066,14.140867948532104,0.02163410186767578
baseline,16,1,742,0.4562,0.4367434234888757,1.2177925444034874,14.153456687927246,0.021622180938720703
baseline,16,2,742,0.487,0.4663564932483955,1.1234108906871867,14.17732286453247,0.021622180938720703
baseline,17,0,743,0.3782,0.3500819643113619,1.478307258874218,14.176931858062744,0.02163410186767578
baseline,17,1,742,0.4292,0.4147385238490363,1.2715677710556277,14.182655096054077,0.021622180938720703
baseline,17,2,742,0.4784,0.46232526800655294,1.0688907640642233,14.44597053527832,0.021622180938720703
baseline,18,0,743,0.364,0.30461667409413345,1.544624317382258,14.211195945739746,0.02163410186767578
baseline,18,1,742,0.4322,0.3991759557954333,1.305945357865079,14.207244634628296,0.021622180938720703
baseline,18,2,742,0.4772,0.4656125821374889,1.0891541242599487,14.19219160079956,0.021622180938720703
baseline,19,0,743,0.38,0.3405203492149641,1.4809800190688143,14.165899276733398,0.02163410186767578
baseline,19,1,742,0.4444,0.4205453529537815,1.221569075096007,14.23960828781128,0.021622180938720703
baseline,19,2,742,0.4756,0.4569233802365756,1.1324892725263322,14.24921727180481,0.021622180938720703
baseline,0,0,713,0.3888,0.36054626576961096,1.5000579027775127,16.36247944831848,0.021289348602294922
baseline,0,1,713,0.4438,0.42123024336727266,1.3178894675296287,13.862367630004883,0.021289348602294922
baseline,0,2,712,0.4678,0.4461507663177863,1.1648029048791093,13.820043087005615,0.021277904510498047
baseline,1,0,713,0.3816,0.33646029025790153,1.5035378819260992,13.870941877365112,0.021289348602294922
baseline,1,1,713,0.4474,0.4267406421123992,1.289228115309171,13.87881875038147,0.021289348602294922
baseline,1,2,712,0.476,0.45971219638686206,1.1557897717765209,14.476191520690918,0.021277904510498047
baseline,2,0,713,0.386,0.34749963877654816,1.4824985650277906,13.874606847763062,0.021289348602294922
baseline,2,1,713,0.4466,0.4253296450481168,1.2975227856201343,13.918572664260864,0.021289348602294922
baseline,2,2,712,0.4976,0.47826866605963786,1.2016201367538966,13.894365787506104,0.021277904510498047
baseline,3,0,713,0.3558,0.3246297425020554,1.4785172830624467,13.882781505584717,0.021289348602294922
baseline,3,1,713,0.4156,0.38739964047245845,1.325074211745242,13.92713475227356,0.021289348602294922
baseline,3,2,712,0.4782,0.44410963474714843,1.1972979936706887,13.964479446411133,0.021277904510498047
baseline,4,0,713,0.353,0.32194202239300784,1.479342924428354,14.025574445724487,0.021289348602294922
baseline,4,1,713,0.4552,0.43296074835492443,1.2211241095129604,13.921854019165039,0.021289348602294922
baseline,4,2,712,0.499,0.47407487260157005,1.1868649372893774,13.941552877426147,0.021277904510498047
baseline,5,0,713,0.358,0.34256150885844777,1.5574094765985498,13.875839471817017,0.021289348602294922
baseline,5,1,713,0.4406,0.4129499649464485,1.3555972689833247,13.956501007080078,0.021289348602294922
baseline,5,2,712,0.485,0.4487469941469668,1.19453087281645,13.915123224258423,0.021277904510498047
baseline,6,0,713,0.3764,0.34279840068505174,1.514405233328339,13.861469268798828,0.021289348602294922
baseline,6,1,713,0.3976,0.37179118208674433,1.408749778675331,14.111734390258789,0.021289348602294922
baseline,6,2,712,0.489,0.46558353156743076,1.1385092494193088,13.967857599258423,0.021277904510498047
baseline,7,0,713,0.3678,0.3503851991844862,1.5068334595184005,13.918486833572388,0.021289348602294922
baseline,7,1,713,0.4132,0.39439847372664294,1.3519723535754402,13.999748229980469,0.021289348602294922
baseline,7,2,712,0.4742,0.4579208999461588,1.2192175281181763,13.928747415542603,0.021277904510498047
baseline,8,0,713,0.377,0.34455549458263157,1.4582230932749338,13.93927264213562,0.021289348602294922
baseline,8,1,713,0.4256,0.40470434654160115,1.261968540777498,13.936428546905518,0.021289348602294922
baseline,8,2,712,0.4794,0.45798336282230956,1.0943227216099085,14.175116777420044,0.021277904510498047
baseline,9,0,713,0.3428,0.3160031043811198,1.5546780607309114,13.973432540893555,0.021289348602294922
baseline,9,1,713,0.431,0.3937117985964903,1.3251597821127314,13.986706972122192,0.021289348602294922
baseline,9,2,712,0.474,0.45338772790188886,1.1759014290370298,13.930963039398193,0.021277904510498047
baseline,10,0,713,0.3572,0.3288392972717962,1.5644521574485855,13.983539581298828,0.021289348602294922
baseline,10,1,712,0.4464,0.4279968889526429,1.3300515560621626,13.95972752571106,0.021277904510498047
baseline,10,2,712,0.488,0.47250225305972965,1.178502094879579,13.971594333648682,0.021277904510498047
baseline,11,0,713,0.3672,0.3374079890099486,1.5615207351441136,14.75793719291687,0.021289348602294922
baseline,11,1,712,0.4536,0.4299514738771193,1.1784617432047813,13.9873206615448,0.021277904510498047
baseline,11,2,712,0.4896,0.4753676114927789,1.0517939503273268,13.992248296737671,0.021277904510498047
baseline,12,0,713,0.3864,0.3576050900379041,1.4974207058862417,13.968916416168213,0.021289348602294922
baseline,12,1,712,0.4416,0.419041520656172,1.3020016517532005,13.957819700241089,0.021277904510498047
baseline,12,2,712,0.4866,0.47056060528073057,1.1422821698563823,13.970235824584961,0.021277904510498047
baseline,13,0,713,0.3552,0.3316529803360063,1.5156823766181378,13.944467067718506,0.021289348602294922
baseline,13,1,712,0.4336,0.41494500681988866,1.2485616448220243,14.288231611251831,0.021277904510498047
baseline,13,2,712,0.474,0.46511831069341053,1.1917530606301983,13.946386337280273,0.021277904510498047
baseline,14,0,713,0.356,0.3302005956129376,1.5550819424726852,13.999122381210327,0.021289348602294922
baseline,14,1,712,0.4326,0.3910586744407653,1.2880866808837719,14.410027265548706,0.021277904510498047
baseline,14,2,712,0.471,0.4433603324295452,1.1577998908717981,19.05151081085205,0.021277904510498047
baseline,15,0,713,0.3818,0.3627988595301896,1.465671622736424,14.837802410125732,0.021289348602294922
baseline,15,1,712,0.4652,0.4352526870110296,1.2355265791496535,13.90271520614624,0.021277904510498047
baseline,15,2,712,0.4886,0.4654766829093471,1.1132453063900551,14.294023513793945,0.021277904510498047
baseline,16,0,713,0.3616,0.32795518490300796,1.4687575805738966,13.930017232894897,0.021289348602294922
baseline,16,1,712,0.405,0.3856821853456703,1.339857384060206,13.909663915634155,0.021277904510498047
baseline,16,2,712,0.4692,0.4431213879272471,1.176106620370672,13.91282844543457,0.021277904510498047
baseline,17,0,713,0.379,0.3440320877192674,1.5089373013414809,13.955352067947388,0.021289348602294922
baseline,17,1,712,0.4516,0.4348581327416801,1.2770678260353174,13.941948890686035,0.021277904510498047
baseline,17,2,712,0.5004,0.48267525067594397,1.1682070172234866,14.327454805374146,0.021277904510498047
baseline,18,0,713,0.3698,0.3388869274988233,1.5257094642055988,14.025805950164795,0.021289348602294922
baseline,18,1,712,0.439,0.42032975314873494,1.2890574476692114,14.014910697937012,0.021277904510498047
baseline,18,2,712,0.478,0.44553305677460914,1.1289758655462372,21.49414348602295,0.021277904510498047
baseline,19,0,713,0.3696,0.3379011510314412,1.4186339120878244,14.21422004699707,0.021289348602294922
baseline,19,1,712,0.4276,0.40909903679296883,1.2954295136955347,14.009371995925903,0.021277904510498047
baseline,19,2,712,0.4664,0.44928585515192754,1.1523805521847157,13.977252960205078,0.021277904510498047
